sub-0010ses-1I164086,sub-0995ses-1I172726
sub-0100ses-1I133606,sub-0770ses-2I1081934
sub-1000ses-1I132863,sub-0771ses-1I169836
I132864,sub-0771ses-2I170973
I132865,sub-0771ses-3I246653
sub-1001ses-1I132866,sub-0771ses-4I472955
I132867,sub-0771ses-5I1111712
I132868,sub-0772ses-1I169272
sub-1005ses-1I444852,sub-0772ses-2I170961
sub-0101ses-1I195618,sub-0773ses-1I451407
sub-0101ses-2I337633,sub-0774ses-1I445773
sub-0101ses-3I473700,sub-0774ses-2I1081921
sub-0101ses-4I1111849,sub-0776ses-1I450338
sub-1013ses-1I173974,sub-0778ses-1I169273
sub-1013ses-2I190717,sub-0778ses-2I170958
sub-1013ses-3I266797,sub-0078ses-1I445791
sub-0102ses-1I138744,sub-0784ses-1I173691
sub-1020ses-1I455196,sub-0784ses-2I191929
sub-1024ses-1I450344,sub-0784ses-3I251009
sub-1025ses-1I451388,sub-0784ses-4I472915
sub-1027ses-1I450392,sub-0786ses-1I443985
sub-1032ses-1I133560,sub-0786ses-2I1081962
sub-0104ses-1I164074,sub-0079ses-1I162215
sub-0104ses-2I228031,sub-0791ses-1I1113712
sub-1046ses-1I133571,sub-0795ses-1I169776
I133572,sub-0795ses-2I1115064
I133573,sub-0796ses-1I169861
sub-1049ses-1I450870,sub-0796ses-2I204613
sub-0105ses-1I153516,sub-0796ses-3I250970
I153517,sub-0796ses-4I472899
I153518,sub-0796ses-5I1091334
sub-1050ses-1I133582,sub-0797ses-1I451207
sub-1056ses-1I444591,sub-0798ses-1I173684
sub-1066ses-1I133537,sub-0798ses-2I190710
I133538,sub-0798ses-3I251021
I133539,sub-0798ses-4I1078856
sub-1067ses-1I138683,sub-1637ses-1I1111773
I138684,sub-0167ses-1I445750
I138685,sub-0167ses-2I1075892
sub-0107ses-1I153530,sub-0168ses-1I446759
sub-1078ses-1I132899,sub-0168ses-2I1111821
I132900,sub-0169ses-1I450362
I132901,sub-0017ses-1I138766
sub-1089ses-1I164063,sub-0179ses-1I450371
sub-0109ses-1I354305,sub-0018ses-1I174728
sub-0109ses-2I354306,sub-0018ses-2I175938
sub-0109ses-3I473632,sub-0018ses-3I337869
sub-0109ses-4I1075907,sub-0018ses-4I472987
sub-1090ses-1I131143,sub-0181ses-1I455050
sub-1091ses-1I185471,sub-0181ses-2I1080057
sub-1091ses-2I254655,sub-0182ses-1I1090661
sub-1094ses-1I138686,sub-0183ses-1I455052
I138687,sub-0185ses-1I453067
I138688,sub-0186ses-1I169743
sub-1095ses-1I444560,sub-0186ses-2I191927
sub-1098ses-1I445754,sub-0186ses-3I250569
sub-1098ses-2I1090625,sub-0186ses-4I472863
sub-1100ses-1I133540,sub-0019ses-1I134766
I133541,sub-0190ses-1I453129
I133542,sub-0191ses-1I453052
sub-1102ses-1I169215,sub-0194ses-1I169285
sub-1102ses-2I191783,sub-0194ses-2I190474
sub-1102ses-3I337333,sub-0194ses-3I250575
sub-1109ses-1I131138,sub-0194ses-4I472938
I131139,sub-0197ses-1I453137
I131140,sub-0198ses-1I453143
sub-0111ses-1I134764,sub-0002ses-1I450385
sub-0111ses-2I164065,sub-0020ses-1I136885
sub-0112ses-1I164130,I136886
sub-1122ses-1I133584,I136887
sub-1125ses-1I138724,sub-0200ses-1I195603
sub-0113ses-1I164141,sub-0200ses-2I250552
sub-0113ses-2I241052,sub-0200ses-3I472718
sub-0113ses-3I473682,sub-0206ses-1I169771
sub-0113ses-4I1111701,sub-0206ses-2I191920
sub-1135ses-1I173575,sub-0206ses-3I250589
sub-1139ses-1I169218,sub-0206ses-4I472891
sub-1139ses-2I195591,sub-0207ses-1I169955
sub-1139ses-3I337336,sub-0021ses-1I136879
sub-1145ses-1I169235,sub-0021ses-2I161711
sub-1146ses-1I132840,sub-0212ses-1I173722
sub-1147ses-1I144366,sub-0212ses-2I190475
sub-1153ses-1I135133,sub-0212ses-3I250576
sub-1157ses-1I174145,sub-0212ses-4I472761
sub-1157ses-2I191784,sub-0214ses-1I1078860
sub-0117ses-1I127805,sub-0217ses-1I169289
I127806,sub-0217ses-2I195604
I127807,sub-0217ses-3I250570
sub-1174ses-1I138752,sub-0218ses-1I169250
I138753,sub-0022ses-1I136611
I138754,I136612
sub-1175ses-1I443982,I136613
sub-0118ses-1I134740,sub-0220ses-1I453063
sub-0118ses-2I164067,sub-0222ses-1I169211
sub-1183ses-1I451189,sub-0228ses-1I453071
sub-1184ses-1I451414,sub-0229ses-1I169212
sub-1186ses-1I450369,sub-0229ses-2I190458
sub-1187ses-1I451190,sub-0229ses-3I337339
sub-1191ses-1I450383,sub-0229ses-4I472726
sub-1192ses-1I450352,sub-0023ses-1I136551
sub-1193ses-1I451419,I136552
sub-1194ses-1I451194,I136553
sub-1196ses-1I450367,sub-0232ses-1I169745
sub-1197ses-1I1055792,sub-0232ses-2I191924
sub-1198ses-1I451211,sub-0232ses-3I250580
sub-0012ses-1I164069,sub-0234ses-1I453060
sub-1209ses-1I455192,sub-0236ses-1I173707
sub-0121ses-1I138235,sub-0236ses-2I191928
I138236,sub-0236ses-3I250996
I138237,sub-0236ses-4I472905
sub-1214ses-1I450875,sub-0024ses-1I443969
sub-1215ses-1I453115,sub-0241ses-1I455051
sub-1218ses-1I444592,sub-0242ses-1I1111699
sub-1222ses-1I451209,sub-0244ses-1I169707
sub-1224ses-1I450340,sub-0244ses-2I204524
sub-1225ses-1I453138,sub-0244ses-3I269359
sub-1228ses-1I443971,sub-0244ses-4I472766
sub-0123ses-1I137654,sub-0249ses-1I444832
I137655,sub-0025ses-1I136009
I137656,I136010
sub-1230ses-1I444575,I136011
sub-1234ses-1I444584,sub-0250ses-1I445674
sub-1234ses-2I1111765,sub-0253ses-1I455060
sub-1236ses-1I445780,sub-0254ses-1I455061
sub-1237ses-1I443979,sub-0254ses-2I1115072
sub-1238ses-1I451149,sub-0259ses-1I169884
sub-1241ses-1I455206,sub-0259ses-2I190695
sub-1249ses-1I444608,sub-0026ses-1I137540
sub-1249ses-2I1113551,sub-0026ses-2I161695
sub-0125ses-1I138277,sub-0263ses-1I191782
I138278,sub-0263ses-2I337343
I138279,sub-0269ses-1I455053
sub-1251ses-1I444835,sub-0027ses-1I162231
sub-1251ses-2I1080025,sub-0270ses-1I169725
sub-1255ses-1I450900,sub-0270ses-2I204546
sub-1257ses-1I445685,sub-0273ses-1I173652
sub-1258ses-1I444861,sub-0273ses-2I190467
sub-1258ses-2I1113555,sub-0273ses-3I472745
sub-0126ses-1I137582,sub-0275ses-1I455059
I137583,sub-0275ses-2I1111783
I137584,sub-0276ses-1I190457
sub-1260ses-1I455200,sub-0276ses-2I269361
sub-1261ses-1I453073,sub-0276ses-3I1081924
sub-1262ses-1I453057,sub-0277ses-1I169847
sub-1264ses-1I455195,sub-0277ses-2I170720
sub-1265ses-1I453076,sub-0277ses-3I250993
sub-1266ses-1I450345,sub-0278ses-1I169265
sub-0127ses-1I450878,sub-0028ses-1I163787
sub-1272ses-1I455226,sub-0280ses-1I191802
sub-1273ses-1I455210,sub-0280ses-2I250558
sub-1277ses-1I445736,sub-0280ses-3I472748
sub-1278ses-1I445788,sub-0281ses-1I169724
sub-1278ses-2I1111778,sub-0281ses-2I191799
sub-1279ses-1I452855,sub-0281ses-3I254624
sub-1281ses-1I450347,sub-0281ses-4I472774
sub-1283ses-1I451198,sub-0284ses-1I138280
sub-1285ses-1I444573,I138281
sub-1286ses-1I450375,I138282
sub-1287ses-1I451168,sub-0287ses-1I138254
sub-1290ses-1I451206,sub-0288ses-1I455063
sub-1291ses-1I444558,sub-0289ses-1I169752
sub-1293ses-1I1075917,sub-0289ses-2I190493
sub-1295ses-1I453074,sub-0029ses-1I135984
sub-1296ses-1I455222,sub-0290ses-1I451218
sub-1298ses-1I445734,sub-0291ses-1I450333
sub-1298ses-2I1111847,sub-0294ses-1I173659
sub-1301ses-1I450911,sub-0294ses-2I204610
sub-1302ses-1I445677,sub-0294ses-3I251029
sub-1302ses-2I1111763,sub-0294ses-4I472976
sub-1303ses-1I444620,sub-0298ses-1I455055
sub-1304ses-1I450897,sub-0298ses-2I1078823
sub-1304ses-2I1078819,sub-0299ses-1I455064
sub-1308ses-1I453098,sub-0003ses-1I132878
sub-1309ses-1I453120,sub-0003ses-2I164100
sub-1311ses-1I453117,sub-0307ses-1I444843
sub-1312ses-1I444854,sub-0307ses-2I1115120
sub-1316ses-1I455221,sub-0031ses-1I136268
sub-1321ses-1I445761,I136269
sub-1322ses-1I455220,I136270
sub-1324ses-1I450337,sub-0310ses-1I169883
sub-1327ses-1I450389,sub-0310ses-2I195622
sub-1328ses-1I450353,sub-0310ses-3I251024
sub-1329ses-1I455227,sub-0311ses-1I444867
sub-1330ses-1I444579,sub-0313ses-1I444588
sub-1332ses-1I445768,sub-0314ses-1I137577
sub-1334ses-1I444578,sub-0315ses-1I169744
sub-1334ses-2I1075845,sub-0315ses-2I190501
sub-1335ses-1I445742,sub-0315ses-3I250583
sub-1337ses-1I453044,sub-0315ses-4I472873
sub-1339ses-1I453104,sub-0316ses-1I455056
sub-0134ses-1I138659,sub-0317ses-1I169259
I138660,sub-0317ses-2I191810
I138661,sub-0317ses-3I254617
sub-1340ses-1I455218,sub-0317ses-4I472722
sub-1341ses-1I453085,sub-0317ses-5I1111766
sub-1343ses-1I453082,sub-0318ses-1I450892
sub-1344ses-1I445654,sub-0319ses-1I450902
sub-1345ses-1I444594,sub-0326ses-1I453134
sub-1345ses-2I1055805,sub-0329ses-1I445760
sub-1349ses-1I453089,sub-0033ses-1I136904
sub-0135ses-1I138707,I136905
I138708,I136906
I138709,sub-0330ses-1I450363
sub-1352ses-1I444589,sub-0331ses-1I138682
sub-1355ses-1I455217,sub-0332ses-1I455178
sub-1356ses-1I444596,sub-0332ses-2I1111846
sub-1360ses-1I453106,sub-0335ses-1I169952
sub-1361ses-1I453066,sub-0335ses-2I191930
sub-1365ses-1I450358,sub-0335ses-3I254630
sub-1366ses-1I455216,sub-0335ses-4I472960
sub-1368ses-1I455233,sub-0338ses-1I443976
sub-1370ses-1I445784,sub-0340ses-1I169746
sub-1370ses-2I1115073,sub-0342ses-1I138654
sub-1372ses-1I450384,sub-0349ses-1I169258
sub-1373ses-1I445707,sub-0349ses-2I191811
sub-1374ses-1I1111772,sub-0350ses-1I455185
sub-1375ses-1I450354,sub-0350ses-2I1089194
sub-1378ses-1I445789,sub-0353ses-1I169246
sub-0138ses-1I137630,sub-0354ses-1I169962
I137631,sub-0354ses-2I195627
I137632,sub-0355ses-1I455179
sub-1382ses-1I453048,sub-0355ses-2I1075847
sub-1384ses-1I455237,sub-0357ses-1I444853
sub-1385ses-1I444567,sub-0357ses-2I1081948
sub-1386ses-1I444553,sub-0036ses-1I136569
sub-1387ses-1I455228,I136570
sub-1390ses-1I445729,I136571
sub-1391ses-1I450360,sub-0361ses-1I135968
sub-1392ses-1I443973,I135969
sub-1393ses-1I446778,I135970
sub-1394ses-1I451166,sub-0362ses-1I169753
sub-1396ses-1I443972,sub-0362ses-2I190720
sub-1397ses-1I451400,sub-0362ses-3I250592
sub-1398ses-1I445743,sub-0362ses-4I472858
sub-0014ses-1I135965,sub-0363ses-1I1091365
I135966,sub-0364ses-1I455176
I135967,sub-0365ses-1I135986
sub-1401ses-1I1080022,sub-0366ses-1I135971
sub-1405ses-1I444859,I135972
sub-1406ses-1I445681,I135973
sub-1408ses-1I450908,sub-0367ses-1I127811
sub-1410ses-1I444602,I127812
sub-1411ses-1I451165,I127813
sub-1412ses-1I445673,sub-0370ses-1I127817
sub-1413ses-1I453084,I127818
sub-1415ses-1I1055799,I127819
sub-1416ses-1I444848,sub-0371ses-1I132876
sub-1417ses-1I453096,sub-0373ses-1I127775
sub-1418ses-1I453091,I127776
sub-1419ses-1I453114,I127777
sub-0142ses-1I444607,sub-0374ses-1I151081
sub-1421ses-1I445790,sub-0378ses-1I164113
sub-1422ses-1I445772,sub-0379ses-1I164127
sub-1423ses-1I444559,sub-0038ses-1I135974
sub-1424ses-1I455230,I135975
sub-1426ses-1I451202,I135976
sub-1428ses-1I444550,sub-0380ses-1I136548
sub-1428ses-2I1078870,sub-0380ses-2I162224
sub-1429ses-1I445793,sub-0382ses-1I127763
sub-1430ses-1I455236,I127764
sub-1431ses-1I445765,I127765
sub-1432ses-1I453124,sub-0388ses-1I172242
sub-1435ses-1I451200,sub-0388ses-2I204518
sub-1436ses-1I451216,sub-0388ses-3I250588
sub-1437ses-1I455235,sub-0039ses-1I162239
sub-1439ses-1I451169,sub-0390ses-1I169253
sub-0144ses-1I444842,sub-0390ses-2I170966
sub-0144ses-2I1113707,sub-0390ses-3I250553
sub-1440ses-1I453102,sub-0390ses-4I472743
sub-1441ses-1I450395,sub-0393ses-1I1113641
sub-1442ses-1I444833,sub-0394ses-1I169288
sub-1443ses-1I450933,sub-0394ses-2I190472
sub-1444ses-1I450926,sub-0395ses-1I1115155
sub-1449ses-1I444606,sub-0398ses-1I164121
sub-1451ses-1I450895,sub-0398ses-2I256980
sub-1453ses-1I451157,sub-0398ses-3I473677
sub-1454ses-1I450929,sub-0004ses-1I153510
sub-1455ses-1I450910,I153511
sub-1456ses-1I450876,I153512
sub-1457ses-1I444866,sub-0040ses-1I138774
sub-0146ses-1I450885,I138775
sub-1460ses-1I445732,I138776
sub-1461ses-1I453072,sub-0403ses-1I190494
sub-1462ses-1I453055,sub-0403ses-2I250577
sub-1463ses-1I446765,sub-0403ses-3I472864
sub-1467ses-1I451428,sub-0403ses-4I1080052
sub-1469ses-1I444585,sub-0406ses-1I172245
sub-0147ses-1I445657,sub-0406ses-2I204614
sub-0147ses-2I1088992,sub-0406ses-3I472884
sub-1471ses-1I443987,sub-0407ses-1I173721
sub-1475ses-1I443977,sub-0411ses-1I169726
sub-1477ses-1I445709,sub-0411ses-2I190500
sub-0148ses-1I1080061,sub-0411ses-3I472770
sub-1482ses-1I444551,sub-0411ses-4I1081914
sub-1483ses-1I445713,sub-0413ses-1I1111853
sub-1484ses-1I446773,sub-0415ses-1I453112
sub-1486ses-1I444556,sub-0417ses-1I136803
sub-0149ses-1I444841,sub-0417ses-2I162209
sub-1494ses-1I453126,sub-0042ses-1I136851
sub-1496ses-1I443981,sub-0420ses-1I1081905
sub-1498ses-1I451219,sub-0428ses-1I444576
sub-1499ses-1I444586,sub-0043ses-1I137552
sub-0015ses-1I134751,I137553
I134752,I137554
I134753,sub-0430ses-1I450361
sub-1501ses-1I450912,sub-0431ses-1I138665
sub-1502ses-1I445699,I138666
sub-1503ses-1I444609,I138667
sub-1504ses-1I444612,sub-0432ses-1I138717
sub-1510ses-1I444597,I138718
sub-1512ses-1I1091356,I138719
sub-1513ses-1I444610,sub-0434ses-1I138720
sub-1517ses-1I444614,I138721
sub-1518ses-1I444595,I138722
sub-1519ses-1I451159,sub-0438ses-1I450332
sub-0152ses-1I137649,sub-0044ses-1I134778
sub-1520ses-1I443986,I134779
sub-1521ses-1I445792,I134780
sub-1522ses-1I453131,sub-0442ses-1I169247
sub-1526ses-1I445745,sub-0442ses-2I191786
sub-0153ses-1I138257,sub-0443ses-1I1113630
I138258,sub-0444ses-1I455188
I138259,sub-0444ses-2I1080019
sub-1531ses-1I453128,sub-0445ses-1I453100
sub-1537ses-1I453045,sub-0448ses-1I169880
sub-1538ses-1I1090663,sub-0451ses-1I1089140
sub-0154ses-1I451162,sub-0454ses-1I1081939
sub-1540ses-1I1078865,sub-0046ses-1I136813
sub-1541ses-1I444587,I136814
sub-1542ses-1I444616,I136815
sub-1543ses-1I1075911,sub-0463ses-1I451205
sub-1544ses-1I445684,sub-0464ses-1I445769
sub-1547ses-1I453099,sub-0464ses-2I1080026
sub-1549ses-1I450884,sub-0467ses-1I164132
sub-0155ses-1I444598,sub-0467ses-2I234159
sub-1552ses-1I1113578,sub-0467ses-3I473672
sub-1553ses-1I445686,sub-0467ses-4I1111709
sub-1559ses-1I450898,sub-0047ses-1I136816
sub-0156ses-1I138689,I136817
I138690,I136818
I138691,sub-0471ses-1I169734
sub-1561ses-1I444565,sub-0471ses-2I191921
sub-1563ses-1I446757,sub-0471ses-3I254625
sub-1564ses-1I445731,sub-0472ses-1I173723
sub-1565ses-1I444557,sub-0472ses-2I195594
sub-1566ses-1I453061,sub-0473ses-1I169898
sub-1567ses-1I446762,sub-0475ses-1I1113576
sub-1568ses-1I445756,sub-0478ses-1I1080064
sub-1569ses-1I444577,sub-0480ses-1I169764
sub-1574ses-1I446769,sub-0480ses-2I195617
sub-1575ses-1I453056,sub-0480ses-3I254612
sub-1577ses-1I451197,sub-0482ses-1I169266
sub-1578ses-1I451393,sub-0482ses-2I204537
sub-1579ses-1I1111779,sub-0482ses-3I269349
sub-0158ses-1I450925,sub-0482ses-4I472721
sub-1583ses-1I1055858,sub-0483ses-1I137599
sub-1585ses-1I453054,sub-0484ses-1I445759
sub-1586ses-1I453065,sub-0484ses-2I1111840
sub-1587ses-1I453116,sub-0487ses-1I132848
sub-1588ses-1I451389,I132849
sub-1589ses-1I450341,I132850
sub-1590ses-1I451196,sub-0488ses-1I127732
sub-1591ses-1I444566,I127733
sub-1595ses-1I450376,I127734
sub-1596ses-1I1081891,sub-0493ses-1I455190
sub-1597ses-1I446756,sub-0494ses-1I455180
sub-1598ses-1I453136,sub-0495ses-1I1075839
sub-1599ses-1I1075899,sub-0496ses-1I1078793
sub-0016ses-1I136882,sub-0498ses-1I137651
I136883,sub-0005ses-1I134754
I136884,I134755
sub-1603ses-1I1111801,I134756
sub-1606ses-1I1080034,sub-0050ses-1I136861
sub-1607ses-1I444605,I136862
sub-1609ses-1I450922,I136863
sub-0161ses-1I443984,sub-0500ses-1I444590
sub-1610ses-1I1113563,sub-0500ses-2I1081974
sub-1611ses-1I1111737,sub-0501ses-1I451152
sub-1615ses-1I445656,sub-0507ses-1I169747
sub-1616ses-1I444831,sub-0509ses-1I173660
sub-1627ses-1I1080046,sub-0509ses-2I204607
sub-1628ses-1I1112309,sub-0509ses-3I247834
sub-1629ses-1I1113709,sub-0051ses-1I444617
sub-1630ses-1I1078807,sub-0051ses-2I1090675
sub-1632ses-1I1111827,sub-0510ses-1I169858
sub-1636ses-1I1078846,sub-0510ses-2I170723
sub-1637ses-1I1111773,sub-0516ses-1I127780
sub-0167ses-1I445750,sub-0516ses-2I164148
sub-0167ses-2I1075892,sub-0518ses-1I173651
sub-0168ses-1I446759,sub-0518ses-2I204543
sub-0168ses-2I1111821,sub-0518ses-3I254616
sub-0169ses-1I450362,sub-0518ses-4I472725
sub-0017ses-1I138766,sub-0518ses-5I1081918
sub-0179ses-1I450371,sub-0519ses-1I450917
sub-0018ses-1I174728,sub-0052ses-1I136267
sub-0018ses-2I175938,sub-0520ses-1I450372
sub-0018ses-3I337869,sub-0523ses-1I455187
sub-0018ses-4I472987,sub-0527ses-1I173668
sub-0181ses-1I455050,sub-0527ses-2I173667
sub-0181ses-2I1080057,sub-0527ses-3I246650
sub-0182ses-1I1090661,sub-0527ses-4I472946
sub-0183ses-1I455052,sub-0527ses-5I1078798
sub-0185ses-1I453067,sub-0528ses-1I173673
sub-0186ses-1I169743,sub-0528ses-2I173674
sub-0186ses-2I191927,sub-0528ses-3I246640
sub-0186ses-3I250569,sub-0528ses-4I472945
sub-0186ses-4I472863,sub-0528ses-5I1111752
sub-0019ses-1I134766,sub-0529ses-1I455182
sub-0190ses-1I453129,sub-0529ses-2I1111835
sub-0191ses-1I453052,sub-0053ses-1I136557
sub-0194ses-1I169285,I136558
sub-0194ses-2I190474,I136559
sub-0194ses-3I250575,sub-0533ses-1I444571
sub-0194ses-4I472938,sub-0534ses-1I443983
sub-0197ses-1I453137,sub-0535ses-1I451413
sub-0198ses-1I453143,sub-0536ses-1I451199
sub-0002ses-1I450385,sub-0541ses-1I455186
sub-0020ses-1I136885,sub-0543ses-1I451156
I136886,sub-0055ses-1I136901
I136887,sub-0550ses-1I169891
sub-0200ses-1I195603,sub-0550ses-2I170732
sub-0200ses-2I250552,sub-0550ses-3I246638
sub-0200ses-3I472718,sub-0551ses-1I173695
sub-0206ses-1I169771,sub-0551ses-2I173700
sub-0206ses-2I191920,sub-0551ses-3I246641
sub-0206ses-3I250589,sub-0551ses-4I472918
sub-0206ses-4I472891,sub-0556ses-1I138230
sub-0207ses-1I169955,sub-0557ses-1I138232
sub-0021ses-1I136879,sub-0559ses-1I1113645
sub-0021ses-2I161711,sub-0056ses-1I136620
sub-0212ses-1I173722,I136621
sub-0212ses-2I190475,I136622
sub-0212ses-3I250576,sub-0560ses-1I1115157
sub-0212ses-4I472761,sub-0565ses-1I450343
sub-0214ses-1I1078860,sub-0566ses-1I137579
sub-0217ses-1I169289,sub-0567ses-1I136855
sub-0217ses-2I195604,sub-0567ses-2I161722
sub-0217ses-3I250570,sub-0057ses-1I136834
sub-0218ses-1I169250,I136835
sub-0022ses-1I136611,I136836
I136612,sub-0570ses-1I127793
I136613,I127794
sub-0220ses-1I453063,I127795
sub-0222ses-1I169211,sub-0571ses-1I160207
sub-0228ses-1I453071,sub-0571ses-2I164117
sub-0229ses-1I169212,sub-0572ses-1I164119
sub-0229ses-2I190458,sub-0573ses-1I127786
sub-0229ses-3I337339,sub-0577ses-1I451394
sub-0229ses-4I472726,sub-0578ses-1I1090618
sub-0023ses-1I136551,sub-0579ses-1I1090621
I136552,sub-0586ses-1I1081925
I136553,sub-0587ses-1I1111780
sub-0232ses-1I169745,sub-0588ses-1I169856
sub-0232ses-2I191924,sub-0588ses-2I195619
sub-0232ses-3I250580,sub-0588ses-3I251002
sub-0234ses-1I453060,sub-0588ses-4I472910
sub-0236ses-1I173707,sub-0588ses-5I1115060
sub-0236ses-2I191928,sub-0059ses-1I136614
sub-0236ses-3I250996,I136615
sub-0236ses-4I472905,I136616
sub-0024ses-1I443969,sub-0590ses-1I137633
sub-0241ses-1I455051,I137634
sub-0242ses-1I1111699,I137635
sub-0244ses-1I169707,sub-0593ses-1I127769
sub-0244ses-2I204524,I127770
sub-0244ses-3I269359,I127771
sub-0244ses-4I472766,sub-0060ses-1I136829
sub-0249ses-1I444832,sub-0604ses-1I173714
sub-0025ses-1I136009,sub-0604ses-2I173713
I136010,sub-0604ses-3I250595
I136011,sub-0604ses-4I472889
sub-0250ses-1I445674,sub-0605ses-1I169890
sub-0253ses-1I455060,sub-0605ses-2I190704
sub-0254ses-1I455061,sub-0605ses-3I251003
sub-0254ses-2I1115072,sub-0605ses-4I472921
sub-0259ses-1I169884,sub-0605ses-5I1111820
sub-0259ses-2I190695,sub-0609ses-1I136891
sub-0026ses-1I137540,I136892
sub-0026ses-2I161695,I136893
sub-0263ses-1I191782,sub-0061ses-1I136867
sub-0263ses-2I337343,I136868
sub-0269ses-1I455053,I136869
sub-0027ses-1I162231,sub-0611ses-1I137544
sub-0270ses-1I169725,sub-0612ses-1I450935
sub-0270ses-2I204546,sub-0615ses-1I173653
sub-0273ses-1I173652,sub-0615ses-2I173654
sub-0273ses-2I190467,sub-0618ses-1I1081898
sub-0273ses-3I472745,sub-0062ses-1I136819
sub-0275ses-1I455059,I136820
sub-0275ses-2I1111783,I136821
sub-0276ses-1I190457,sub-0622ses-1I169871
sub-0276ses-2I269361,sub-0622ses-2I170727
sub-0276ses-3I1081924,sub-0626ses-1I446771
sub-0277ses-1I169847,sub-0627ses-1I450350
sub-0277ses-2I170720,sub-0632ses-1I445720
sub-0277ses-3I250993,sub-0632ses-2I1113631
sub-0278ses-1I169265,sub-0635ses-1I451430
sub-0028ses-1I163787,sub-0636ses-1I445719
sub-0280ses-1I191802,sub-0637ses-1I444561
sub-0280ses-2I250558,sub-0637ses-2I1115160
sub-0280ses-3I472748,sub-0638ses-1I1075905
sub-0281ses-1I169724,sub-0639ses-1I445763
sub-0281ses-2I191799,sub-0639ses-2I1091338
sub-0281ses-3I254624,sub-0064ses-1I137558
sub-0281ses-4I472774,I137559
sub-0284ses-1I138280,I137560
I138281,sub-0642ses-1I450887
I138282,sub-0644ses-1I444864
sub-0287ses-1I138254,sub-0644ses-2I1113779
sub-0288ses-1I455063,sub-0645ses-1I450890
sub-0289ses-1I169752,sub-0652ses-1I1111713
sub-0289ses-2I190493,sub-0653ses-1I173720
sub-0029ses-1I135984,sub-0655ses-1I173677
sub-0290ses-1I451218,sub-0655ses-2I173678
sub-0291ses-1I450333,sub-0655ses-3I251026
sub-0294ses-1I173659,sub-0657ses-1I169900
sub-0294ses-2I204610,sub-0658ses-1I169951
sub-0294ses-3I251029,sub-0658ses-2I170951
sub-0294ses-4I472976,sub-0658ses-3I246636
sub-0298ses-1I455055,sub-0660ses-1I1080011
sub-0298ses-2I1078823,sub-0661ses-1I173715
sub-0299ses-1I455064,sub-0661ses-2I173710
sub-0003ses-1I132878,sub-0661ses-3I250593
sub-0003ses-2I164100,sub-0661ses-4I472883
sub-0307ses-1I444843,sub-0661ses-5I1081903
sub-0307ses-2I1115120,sub-0662ses-1I1113589
sub-0031ses-1I136268,sub-0665ses-1I164102
I136269,sub-0666ses-1I169870
I136270,sub-0666ses-2I170715
sub-0310ses-1I169883,sub-0666ses-3I251004
sub-0310ses-2I195622,sub-0666ses-4I472919
sub-0310ses-3I251024,sub-0666ses-5I1111762
sub-0311ses-1I444867,sub-0667ses-1I1089000
sub-0313ses-1I444588,sub-0668ses-1I446777
sub-0314ses-1I137577,sub-0668ses-2I1113729
sub-0315ses-1I169744,sub-0669ses-1I443978
sub-0315ses-2I190501,sub-0669ses-2I1111768
sub-0315ses-3I250583,sub-0670ses-1I1055803
sub-0315ses-4I472873,sub-0674ses-1I445776
sub-0316ses-1I455056,sub-0674ses-2I1111702
sub-0317ses-1I169259,sub-0677ses-1I451390
sub-0317ses-2I191810,sub-0068ses-1I136840
sub-0317ses-3I254617,I136841
sub-0317ses-4I472722,I136842
sub-0317ses-5I1111766,sub-0681ses-1I169715
sub-0318ses-1I450892,sub-0681ses-2I191807
sub-0319ses-1I450902,sub-0681ses-3I254615
sub-0326ses-1I453134,sub-0681ses-4I472765
sub-0329ses-1I445760,sub-0682ses-1I1113669
sub-0033ses-1I136904,sub-0683ses-1I169879
I136905,sub-0683ses-2I170990
I136906,sub-0691ses-1I443970
sub-0330ses-1I450363,sub-0691ses-2I1090660
sub-0331ses-1I138682,sub-0692ses-1I444580
sub-0332ses-1I455178,sub-0692ses-2I1111746
sub-0332ses-2I1111846,sub-0693ses-1I445777
sub-0335ses-1I169952,sub-0696ses-1I138726
sub-0335ses-2I191930,sub-0697ses-1I138283
sub-0335ses-3I254630,I138284
sub-0335ses-4I472960,I138285
sub-0338ses-1I443976,sub-0698ses-1I127799
sub-0340ses-1I169746,I127800
sub-0342ses-1I138654,I127801
sub-0349ses-1I169258,sub-0699ses-1I169271
sub-0349ses-2I191811,sub-0699ses-2I190473
sub-0350ses-1I455185,sub-0699ses-3I269362
sub-0350ses-2I1089194,sub-0702ses-1I169835
sub-0353ses-1I169246,sub-0702ses-2I170974
sub-0354ses-1I169962,sub-0704ses-1I450874
sub-0354ses-2I195627,sub-0707ses-1I127823
sub-0355ses-1I455179,I127824
sub-0355ses-2I1075847,I127825
sub-0357ses-1I444853,sub-0708ses-1I450873
sub-0357ses-2I1081948,sub-0709ses-1I445711
sub-0036ses-1I136569,sub-0709ses-2I1081897
I136570,sub-0710ses-1I450903
I136571,sub-0710ses-2I1078872
sub-0361ses-1I135968,sub-0711ses-1I450928
I135969,sub-0716ses-1I169940
I135970,sub-0716ses-2I170985
sub-0362ses-1I169753,sub-0716ses-3I246654
sub-0362ses-2I190720,sub-0721ses-1I169950
sub-0362ses-3I250592,sub-0721ses-2I170991
sub-0362ses-4I472858,sub-0721ses-3I246637
sub-0363ses-1I1091365,sub-0721ses-4I472943
sub-0364ses-1I455176,sub-0721ses-5I1079365
sub-0365ses-1I135986,sub-0722ses-1I169857
sub-0366ses-1I135971,sub-0722ses-2I170726
I135972,sub-0722ses-3I250974
I135973,sub-0722ses-4I435367
sub-0367ses-1I127811,sub-0725ses-1I451175
I127812,sub-0727ses-1I450348
I127813,sub-0073ses-1I136847
sub-0370ses-1I127817,I136848
I127818,I136849
I127819,sub-0732ses-1I451183
sub-0371ses-1I132876,sub-0733ses-1I444548
sub-0373ses-1I127775,sub-0736ses-1I169878
I127776,sub-0736ses-2I195616
I127777,sub-0736ses-3I250997
sub-0374ses-1I151081,sub-0736ses-4I472935
sub-0378ses-1I164113,sub-0737ses-1I169906
sub-0379ses-1I164127,sub-0737ses-2I170955
sub-0038ses-1I135974,sub-0737ses-3I251018
I135975,sub-0737ses-4I472977
I135976,sub-0737ses-5I1113710
sub-0380ses-1I136548,sub-0074ses-1I172246
sub-0380ses-2I162224,sub-0740ses-1I136910
sub-0382ses-1I127763,I136911
I127764,I136912
I127765,sub-0741ses-1I1111725
sub-0388ses-1I172242,sub-0075ses-1I137548
sub-0388ses-2I204518,sub-0075ses-2I161724
sub-0388ses-3I250588,sub-0757ses-1I173683
sub-0039ses-1I162239,sub-0757ses-2I190713
sub-0390ses-1I169253,sub-0757ses-3I251025
sub-0390ses-2I170966,sub-0757ses-4I472924
sub-0390ses-3I250553,sub-0757ses-5I1113711
sub-0390ses-4I472743,sub-0760ses-1I451391
sub-0393ses-1I1113641,sub-0764ses-1I445785
sub-0394ses-1I169288,sub-0767ses-1I451212
sub-0394ses-2I190472,sub-0770ses-1I445733
sub-0395ses-1I1115155,sub-0770ses-2I1081934
sub-0398ses-1I164121,sub-0771ses-1I169836
sub-0398ses-2I256980,sub-0771ses-2I170973
sub-0398ses-3I473677,sub-0771ses-3I246653
sub-0004ses-1I153510,sub-0771ses-4I472955
I153511,sub-0771ses-5I1111712
I153512,sub-0772ses-1I169272
sub-0040ses-1I138774,sub-0772ses-2I170961
I138775,sub-0773ses-1I451407
I138776,sub-0774ses-1I445773
sub-0403ses-1I190494,sub-0774ses-2I1081921
sub-0403ses-2I250577,sub-0776ses-1I450338
sub-0403ses-3I472864,sub-0778ses-1I169273
sub-0403ses-4I1080052,sub-0778ses-2I170958
sub-0406ses-1I172245,sub-0078ses-1I445791
sub-0406ses-2I204614,sub-0784ses-1I173691
sub-0406ses-3I472884,sub-0784ses-2I191929
sub-0407ses-1I173721,sub-0784ses-3I251009
sub-0411ses-1I169726,sub-0784ses-4I472915
sub-0411ses-2I190500,sub-0786ses-1I443985
sub-0411ses-3I472770,sub-0786ses-2I1081962
sub-0411ses-4I1081914,sub-0079ses-1I162215
sub-0413ses-1I1111853,sub-0791ses-1I1113712
sub-0415ses-1I453112,sub-0795ses-1I169776
sub-0417ses-1I136803,sub-0795ses-2I1115064
sub-0417ses-2I162209,sub-0796ses-1I169861
sub-0042ses-1I136851,sub-0796ses-2I204613
sub-0420ses-1I1081905,sub-0796ses-3I250970
sub-0428ses-1I444576,sub-0796ses-4I472899
sub-0043ses-1I137552,sub-0796ses-5I1091334
I137553,sub-0797ses-1I451207
I137554,sub-0798ses-1I173684
sub-0430ses-1I450361,sub-0798ses-2I190710
sub-0431ses-1I138665,sub-0798ses-3I251021
I138666,sub-0798ses-4I1078856
I138667,sub-0080ses-1I136575
sub-0432ses-1I138717,I136576
I138718,I136577
I138719,sub-0804ses-1I450886
sub-0434ses-1I138720,sub-0805ses-1I451167
I138721,sub-0808ses-1I169789
I138722,sub-0808ses-2I190702
sub-0438ses-1I450332,sub-0808ses-3I250594
sub-0044ses-1I134778,sub-0808ses-4I472882
I134779,sub-0811ses-1I444847
I134780,sub-0812ses-1I451174
sub-0442ses-1I169247,sub-0814ses-1I169844
sub-0442ses-2I191786,sub-0814ses-2I170980
sub-0443ses-1I1113630,sub-0814ses-3I246639
sub-0444ses-1I455188,sub-0814ses-4I472902
sub-0444ses-2I1080019,sub-0815ses-1I137627
sub-0445ses-1I453100,sub-0817ses-1I444599
sub-0448ses-1I169880,sub-0818ses-1I444830
sub-0451ses-1I1089140,sub-0819ses-1I137581
sub-0454ses-1I1081939,sub-0827ses-1I169841
sub-0046ses-1I136813,sub-0827ses-2I190703
I136814,sub-0827ses-3I250973
I136815,sub-0827ses-4I1111817
sub-0463ses-1I451205,sub-0828ses-1I1111799
sub-0464ses-1I445769,sub-0829ses-1I1113590
sub-0464ses-2I1080026,sub-0834ses-1I455193
sub-0467ses-1I164132,sub-0835ses-1I445781
sub-0467ses-2I234159,sub-0835ses-2I1115057
sub-0467ses-3I473672,sub-0837ses-1I474654
sub-0467ses-4I1111709,sub-0838ses-1I137601
sub-0047ses-1I136816,sub-0841ses-1I450901
I136817,sub-0843ses-1I1111782
I136818,sub-0844ses-1I173694
sub-0471ses-1I169734,sub-0845ses-1I444844
sub-0471ses-2I191921,sub-0085ses-1I450872
sub-0471ses-3I254625,sub-0851ses-1I137612
sub-0472ses-1I173723,I137613
sub-0472ses-2I195594,I137614
sub-0473ses-1I169898,sub-0852ses-1I450899
sub-0475ses-1I1113576,sub-0857ses-1I444862
sub-0478ses-1I1080064,sub-0857ses-2I1111815
sub-0480ses-1I169764,sub-0858ses-1I451173
sub-0480ses-2I195617,sub-0859ses-1I444600
sub-0480ses-3I254612,sub-0859ses-2I1091329
sub-0482ses-1I169266,sub-0086ses-1I137619
sub-0482ses-2I204537,I137620
sub-0482ses-3I269349,I137621
sub-0482ses-4I472721,sub-0860ses-1I446764
sub-0483ses-1I137599,sub-0860ses-2I1091374
sub-0484ses-1I445759,sub-0863ses-1I451181
sub-0484ses-2I1111840,sub-0864ses-1I451423
sub-0487ses-1I132848,sub-0867ses-1I455194
I132849,sub-0868ses-1I455201
I132850,sub-0871ses-1I1111775
sub-0488ses-1I127732,sub-0873ses-1I1090632
I127733,sub-0875ses-1I444555
I127734,sub-0877ses-1I169782
sub-0493ses-1I455190,sub-0877ses-2I195609
sub-0494ses-1I455180,sub-0088ses-1I133546
sub-0495ses-1I1075839,I133547
sub-0496ses-1I1078793,I133548
sub-0498ses-1I137651,sub-0880ses-1I451188
sub-0005ses-1I134754,sub-0884ses-1I445714
I134755,sub-0089ses-1I190705
I134756,sub-0089ses-2I256971
sub-0050ses-1I136861,sub-0089ses-3I473637
I136862,sub-0089ses-4I1078853
I136863,sub-0891ses-1I169276
sub-0500ses-1I444590,sub-0891ses-2I190468
sub-0500ses-2I1081974,sub-0891ses-3I250551
sub-0501ses-1I451152,sub-0891ses-4I1113610
sub-0507ses-1I169747,sub-0893ses-1I132896
sub-0509ses-1I173660,sub-0895ses-1I133549
sub-0509ses-2I204607,I133550
sub-0509ses-3I247834,I133551
sub-0051ses-1I444617,sub-0899ses-1I1055854
sub-0051ses-2I1090675,sub-0090ses-1I164104
sub-0510ses-1I169858,sub-0902ses-1I444850
sub-0510ses-2I170723,sub-0904ses-1I169219
sub-0516ses-1I127780,sub-0904ses-2I195590
sub-0516ses-2I164148,sub-0904ses-3I269360
sub-0518ses-1I173651,sub-0904ses-4I472715
sub-0518ses-2I204543,sub-0906ses-1I169213
sub-0518ses-3I254616,sub-0906ses-2I191785
sub-0518ses-4I472725,sub-0906ses-3I266800
sub-0518ses-5I1081918,sub-0906ses-4I472727
sub-0519ses-1I450917,sub-0907ses-1I444618
sub-0052ses-1I136267,sub-0091ses-1I138748
sub-0520ses-1I450372,sub-0911ses-1I138286
sub-0523ses-1I455187,I138287
sub-0527ses-1I173668,I138288
sub-0527ses-2I173667,sub-0914ses-1I137663
sub-0527ses-3I246650,I137664
sub-0527ses-4I472946,I137665
sub-0527ses-5I1078798,sub-0915ses-1I444846
sub-0528ses-1I173673,sub-0915ses-2I1091327
sub-0528ses-2I173674,sub-0917ses-1I164111
sub-0528ses-3I246640,sub-0919ses-1I444863
sub-0528ses-4I472945,sub-0092ses-1I164087
sub-0528ses-5I1111752,sub-0930ses-1I169757
sub-0529ses-1I455182,sub-0931ses-1I169262
sub-0529ses-2I1111835,sub-0931ses-2I190469
sub-0053ses-1I136557,sub-0931ses-3I250550
I136558,sub-0931ses-4I472746
I136559,sub-0931ses-5I1111854
sub-0533ses-1I444571,sub-0938ses-1I137629
sub-0534ses-1I443983,sub-0939ses-1I204627
sub-0535ses-1I451413,sub-0939ses-2I254638
sub-0536ses-1I451199,sub-0939ses-3I472971
sub-0541ses-1I455186,sub-0939ses-4I1115156
sub-0543ses-1I451156,sub-0942ses-1I169794
sub-0055ses-1I136901,sub-0942ses-2I190716
sub-0550ses-1I169891,sub-0945ses-1I169783
sub-0550ses-2I170732,sub-0945ses-2I190694
sub-0550ses-3I246638,sub-0945ses-3I254607
sub-0551ses-1I173695,sub-0952ses-1I138668
sub-0551ses-2I173700,I138669
sub-0551ses-3I246641,I138670
sub-0551ses-4I472918,sub-0959ses-1I138706
sub-0556ses-1I138230,sub-0965ses-1I138770
sub-0557ses-1I138232,sub-0967ses-1I451178
sub-0559ses-1I1113645,sub-0097ses-1I164094
sub-0056ses-1I136620,sub-0097ses-2I228044
I136621,sub-0097ses-3I473642
I136622,sub-0097ses-4I1111706
sub-0560ses-1I1115157,sub-0970ses-1I153531
sub-0565ses-1I450343,I153532
sub-0566ses-1I137579,I153533
sub-0567ses-1I136855,sub-0971ses-1I138735
sub-0567ses-2I161722,I138736
sub-0057ses-1I136834,I138737
I136835,sub-0973ses-1I451429
I136836,sub-0978ses-1I451223
sub-0570ses-1I127793,sub-0098ses-1I160156
I127794,sub-0098ses-2I164091
I127795,sub-0985ses-1I444554
sub-0571ses-1I160207,sub-0988ses-1I445753
sub-0571ses-2I164117,sub-0099ses-1I133595
sub-0572ses-1I164119,I133596
sub-0573ses-1I127786,I133597
sub-0577ses-1I451394,sub-0990ses-1I169714
sub-0578ses-1I1090618,sub-0990ses-2I190499
sub-0579ses-1I1090621,sub-0993ses-1I169292
sub-0586ses-1I1081925,sub-0993ses-2I190484
sub-0587ses-1I1111780,sub-0995ses-1I172726
sub-0588ses-1I169856,
sub-0588ses-2I195619,
sub-0588ses-3I251002,
sub-0588ses-4I472910,
sub-0588ses-5I1115060,
sub-0059ses-1I136614,
I136615,
I136616,
sub-0590ses-1I137633,
I137634,
I137635,
sub-0593ses-1I127769,
I127770,
I127771,
sub-0060ses-1I136829,
sub-0604ses-1I173714,
sub-0604ses-2I173713,
sub-0604ses-3I250595,
sub-0604ses-4I472889,
sub-0605ses-1I169890,
sub-0605ses-2I190704,
sub-0605ses-3I251003,
sub-0605ses-4I472921,
sub-0605ses-5I1111820,
sub-0609ses-1I136891,
I136892,
I136893,
sub-0061ses-1I136867,
I136868,
I136869,
sub-0611ses-1I137544,
sub-0612ses-1I450935,
sub-0615ses-1I173653,
sub-0615ses-2I173654,
sub-0618ses-1I1081898,
sub-0062ses-1I136819,
I136820,
I136821,
sub-0622ses-1I169871,
sub-0622ses-2I170727,
sub-0626ses-1I446771,
sub-0627ses-1I450350,
sub-0632ses-1I445720,
sub-0632ses-2I1113631,
sub-0635ses-1I451430,
sub-0636ses-1I445719,
sub-0637ses-1I444561,
sub-0637ses-2I1115160,
sub-0638ses-1I1075905,
sub-0639ses-1I445763,
sub-0639ses-2I1091338,
sub-0064ses-1I137558,
I137559,
I137560,
sub-0642ses-1I450887,
sub-0644ses-1I444864,
sub-0644ses-2I1113779,
sub-0645ses-1I450890,
sub-0652ses-1I1111713,
sub-0653ses-1I173720,
sub-0655ses-1I173677,
sub-0655ses-2I173678,
sub-0655ses-3I251026,
sub-0657ses-1I169900,
sub-0658ses-1I169951,
sub-0658ses-2I170951,
sub-0658ses-3I246636,
sub-0660ses-1I1080011,
sub-0661ses-1I173715,
sub-0661ses-2I173710,
sub-0661ses-3I250593,
sub-0661ses-4I472883,
sub-0661ses-5I1081903,
sub-0662ses-1I1113589,
sub-0665ses-1I164102,
sub-0666ses-1I169870,
sub-0666ses-2I170715,
sub-0666ses-3I251004,
sub-0666ses-4I472919,
sub-0666ses-5I1111762,
sub-0667ses-1I1089000,
sub-0668ses-1I446777,
sub-0668ses-2I1113729,
sub-0669ses-1I443978,
sub-0669ses-2I1111768,
sub-0670ses-1I1055803,
sub-0674ses-1I445776,
sub-0674ses-2I1111702,
sub-0677ses-1I451390,
sub-0068ses-1I136840,
I136841,
I136842,
sub-0681ses-1I169715,
sub-0681ses-2I191807,
sub-0681ses-3I254615,
sub-0681ses-4I472765,
sub-0682ses-1I1113669,
sub-0683ses-1I169879,
sub-0683ses-2I170990,
sub-0691ses-1I443970,
sub-0691ses-2I1090660,
sub-0692ses-1I444580,
sub-0692ses-2I1111746,
sub-0693ses-1I445777,
sub-0696ses-1I138726,
sub-0697ses-1I138283,
I138284,
I138285,
sub-0698ses-1I127799,
I127800,
I127801,
sub-0699ses-1I169271,
sub-0699ses-2I190473,
sub-0699ses-3I269362,
sub-0702ses-1I169835,
sub-0702ses-2I170974,
sub-0704ses-1I450874,
sub-0707ses-1I127823,
I127824,
I127825,
sub-0708ses-1I450873,
sub-0709ses-1I445711,
sub-0709ses-2I1081897,
sub-0710ses-1I450903,
sub-0710ses-2I1078872,
sub-0711ses-1I450928,
sub-0716ses-1I169940,
sub-0716ses-2I170985,
sub-0716ses-3I246654,
sub-0721ses-1I169950,
sub-0721ses-2I170991,
sub-0721ses-3I246637,
sub-0721ses-4I472943,
sub-0721ses-5I1079365,
sub-0722ses-1I169857,
sub-0722ses-2I170726,
sub-0722ses-3I250974,
sub-0722ses-4I435367,
sub-0725ses-1I451175,
sub-0727ses-1I450348,
sub-0073ses-1I136847,
I136848,
I136849,
sub-0732ses-1I451183,
sub-0733ses-1I444548,
sub-0736ses-1I169878,
sub-0736ses-2I195616,
sub-0736ses-3I250997,
sub-0736ses-4I472935,
sub-0737ses-1I169906,
sub-0737ses-2I170955,
sub-0737ses-3I251018,
sub-0737ses-4I472977,
sub-0737ses-5I1113710,
sub-0074ses-1I172246,
sub-0740ses-1I136910,
I136911,
I136912,
sub-0741ses-1I1111725,
sub-0075ses-1I137548,
sub-0075ses-2I161724,
sub-0757ses-1I173683,
sub-0757ses-2I190713,
sub-0757ses-3I251025,
sub-0757ses-4I472924,
sub-0757ses-5I1113711,
sub-0760ses-1I451391,
sub-0764ses-1I445785,
sub-0767ses-1I451212,
sub-0770ses-1I445733,
sub-0770ses-2I1081934,
sub-0771ses-1I169836,
sub-0771ses-2I170973,
sub-0771ses-3I246653,
sub-0771ses-4I472955,
sub-0771ses-5I1111712,
sub-0772ses-1I169272,
sub-0772ses-2I170961,
sub-0773ses-1I451407,
sub-0774ses-1I445773,
sub-0774ses-2I1081921,
sub-0776ses-1I450338,
sub-0778ses-1I169273,
sub-0778ses-2I170958,
sub-0078ses-1I445791,
sub-0784ses-1I173691,
sub-0784ses-2I191929,
sub-0784ses-3I251009,
sub-0784ses-4I472915,
sub-0786ses-1I443985,
sub-0786ses-2I1081962,
sub-0079ses-1I162215,
sub-0791ses-1I1113712,
sub-0795ses-1I169776,
sub-0795ses-2I1115064,
sub-0796ses-1I169861,
sub-0796ses-2I204613,
sub-0796ses-3I250970,
sub-0796ses-4I472899,
sub-0796ses-5I1091334,
sub-0797ses-1I451207,
sub-0798ses-1I173684,
sub-0798ses-2I190710,
sub-0798ses-3I251021,
sub-0798ses-4I1078856,
sub-0080ses-1I136575,
I136576,
I136577,
sub-0804ses-1I450886,
sub-0805ses-1I451167,
sub-0808ses-1I169789,
sub-0808ses-2I190702,
sub-0808ses-3I250594,
sub-0808ses-4I472882,
sub-0811ses-1I444847,
sub-0812ses-1I451174,
sub-0814ses-1I169844,
sub-0814ses-2I170980,
sub-0814ses-3I246639,
sub-0814ses-4I472902,
sub-0815ses-1I137627,
sub-0817ses-1I444599,
sub-0818ses-1I444830,
sub-0819ses-1I137581,
sub-0827ses-1I169841,
sub-0827ses-2I190703,
sub-0827ses-3I250973,
sub-0827ses-4I1111817,
sub-0828ses-1I1111799,
sub-0829ses-1I1113590,
sub-0834ses-1I455193,
sub-0835ses-1I445781,
sub-0835ses-2I1115057,
sub-0837ses-1I474654,
sub-0838ses-1I137601,
sub-0841ses-1I450901,
sub-0843ses-1I1111782,
sub-0844ses-1I173694,
sub-0845ses-1I444844,
sub-0085ses-1I450872,
sub-0851ses-1I137612,
I137613,
I137614,
sub-0852ses-1I450899,
sub-0857ses-1I444862,
sub-0857ses-2I1111815,
sub-0858ses-1I451173,
sub-0859ses-1I444600,
sub-0859ses-2I1091329,
sub-0086ses-1I137619,
I137620,
I137621,
sub-0860ses-1I446764,
sub-0860ses-2I1091374,
sub-0863ses-1I451181,
sub-0864ses-1I451423,
sub-0867ses-1I455194,
sub-0868ses-1I455201,
sub-0871ses-1I1111775,
sub-0873ses-1I1090632,
sub-0875ses-1I444555,
sub-0877ses-1I169782,
sub-0877ses-2I195609,
sub-0088ses-1I133546,
I133547,
I133548,
sub-0880ses-1I451188,
sub-0884ses-1I445714,
sub-0089ses-1I190705,
sub-0089ses-2I256971,
sub-0089ses-3I473637,
sub-0089ses-4I1078853,
sub-0891ses-1I169276,
sub-0891ses-2I190468,
sub-0891ses-3I250551,
sub-0891ses-4I1113610,
sub-0893ses-1I132896,
sub-0895ses-1I133549,
I133550,
I133551,
sub-0899ses-1I1055854,
sub-0090ses-1I164104,
sub-0902ses-1I444850,
sub-0904ses-1I169219,
sub-0904ses-2I195590,
sub-0904ses-3I269360,
sub-0904ses-4I472715,
sub-0906ses-1I169213,
sub-0906ses-2I191785,
sub-0906ses-3I266800,
sub-0906ses-4I472727,
sub-0907ses-1I444618,
sub-0091ses-1I138748,
sub-0911ses-1I138286,
I138287,
I138288,
sub-0914ses-1I137663,
I137664,
I137665,
sub-0915ses-1I444846,
sub-0915ses-2I1091327,
sub-0917ses-1I164111,
sub-0919ses-1I444863,
sub-0092ses-1I164087,
sub-0930ses-1I169757,
sub-0931ses-1I169262,
sub-0931ses-2I190469,
sub-0931ses-3I250550,
sub-0931ses-4I472746,
sub-0931ses-5I1111854,
sub-0938ses-1I137629,
sub-0939ses-1I204627,
sub-0939ses-2I254638,
sub-0939ses-3I472971,
sub-0939ses-4I1115156,
sub-0942ses-1I169794,
sub-0942ses-2I190716,
sub-0945ses-1I169783,
sub-0945ses-2I190694,
sub-0945ses-3I254607,
sub-0952ses-1I138668,
I138669,
I138670,
sub-0959ses-1I138706,
sub-0965ses-1I138770,
sub-0967ses-1I451178,
sub-0097ses-1I164094,
sub-0097ses-2I228044,
sub-0097ses-3I473642,
sub-0097ses-4I1111706,
sub-0970ses-1I153531,
I153532,
I153533,
sub-0971ses-1I138735,
I138736,
I138737,
sub-0973ses-1I451429,
sub-0978ses-1I451223,
sub-0098ses-1I160156,
sub-0098ses-2I164091,
sub-0985ses-1I444554,
sub-0988ses-1I445753,
sub-0099ses-1I133595,
I133596,
I133597,
sub-0990ses-1I169714,
sub-0990ses-2I190499,
sub-0993ses-1I169292,
sub-0993ses-2I190484,
sub-0995ses-1I172726,
